TIMESTAMP,CURRENT_PRICE,SHARES,P/L_PERCENT, PROFIT/LOSS,REALIZED_PROFIT/LOSS, HOLD/NONE, PURCHASE/SELL_PRICE, PURCHASE_COST
9:30,57.515,0,0,$0.00 ,$0.00 , NONE,0,$0.00 
9:31,57.46,0,0,$0.00 ,$0.00 , NONE,0,$0.00 
9:32,57.45,0,0,$0.00 ,$0.00 , NONE,0,$0.00 
9:33,57.44,0,0,$0.00 ,$0.00 , NONE,0,$0.00 
9:34,57.475,0,0,$0.00 ,$0.00 , NONE,0,$0.00 
9:35,57.465,0,0,$0.00 ,$0.00 , NONE,0,$0.00 
9:36,57.49,0,0,$0.00 ,$0.00 , NONE,0,$0.00 
9:37,57.49,0,0,$0.00 ,$0.00 , NONE,0,$0.00 
9:38,57.46,0,0,$0.00 ,$0.00 , NONE,0,$0.00 
9:39,57.41,0,0,$0.00 ,$0.00 , NONE,0,$0.00 
9:40,57.46,0,0,$0.00 ,$0.00 , NONE,0,$0.00 
9:41,57.455,0,0,$0.00 ,$0.00 , NONE,0,$0.00 
9:42,57.445,0,0,$0.00 ,$0.00 , NONE,0,$0.00 
9:43,57.45,0,0,$0.00 ,$0.00 , NONE,0,$0.00 
9:44,57.455,0,0,$0.00 ,$0.00 , NONE,0,$0.00 
9:45,57.415,0,0,$0.00 ,$0.00 , NONE,0,$0.00 
9:46,57.43,0,0,$0.00 ,$0.00 , NONE,0,$0.00 
9:47,57.485,0,0,$0.00 ,$0.00 , NONE,0,$0.00 
9:48,57.48,0,0,$0.00 ,$0.00 , NONE,0,$0.00 
9:49,57.485,0,0,$0.00 ,$0.00 , NONE,0,$0.00 
9:50,57.4734,0,0,$0.00 ,$0.00 , NONE,0,$0.00 
9:51,57.515,0,0,$0.00 ,$0.00 , NONE,0,$0.00 
9:52,57.51,0,0,$0.00 ,$0.00 , NONE,0,$0.00 
9:53,57.5347,0,0,$0.00 ,$0.00 , NONE,0,$0.00 
9:54,57.58,0,0,$0.00 ,$0.00 , NONE,0,$0.00 
9:55,57.53,0,0,$0.00 ,$0.00 , NONE,0,$0.00 
9:56,57.525,0,0,$0.00 ,$0.00 , NONE,0,$0.00 
9:57,57.53,0,0,$0.00 ,$0.00 , NONE,0,$0.00 
9:58,57.5,0,0,$0.00 ,$0.00 , NONE,0,$0.00 
9:59,57.475,0,0,$0.00 ,$0.00 , NONE,0,$0.00 
10:00,57.51,0,0,$0.00 ,$0.00 , NONE,0,$0.00 
10:01,57.545,0,0,$0.00 ,$0.00 , NONE,0,$0.00 
10:02,57.56,0,0,$0.00 ,$0.00 , NONE,0,$0.00 
10:03,57.5456,0,0,$0.00 ,$0.00 , NONE,0,$0.00 
10:04,57.555,0,0,$0.00 ,$0.00 , NONE,0,$0.00 
10:05,57.545,0,0,$0.00 ,$0.00 , NONE,0,$0.00 
10:06,57.56,0,0,$0.00 ,$0.00 , NONE,0,$0.00 
10:07,57.54,0,0,$0.00 ,$0.00 , NONE,0,$0.00 
10:08,57.525,0,0,$0.00 ,$0.00 , NONE,0,$0.00 
10:09,57.56,0,0,$0.00 ,$0.00 , NONE,0,$0.00 
10:10,57.545,0,0,$0.00 ,$0.00 , NONE,0,$0.00 
10:11,57.51,0,0,$0.00 ,$0.00 , NONE,0,$0.00 
10:12,57.525,0,0,$0.00 ,$0.00 , NONE,0,$0.00 
10:13,57.57,0,0,$0.00 ,$0.00 , NONE,0,$0.00 
10:14,57.6699,0,0,$0.00 ,$0.00 , NONE,0,$0.00 
10:15,57.635,0,0,$0.00 ,$0.00 , NONE,0,$0.00 
10:16,57.6,0,0,$0.00 ,$0.00 , NONE,0,$0.00 
10:17,57.67,0,0,$0.00 ,$0.00 , NONE,0,$0.00 
10:18,57.6656,0,0,$0.00 ,$0.00 , NONE,0,$0.00 
10:19,57.65,0,0,$0.00 ,$0.00 , NONE,0,$0.00 
10:20,57.675,0,0,$0.00 ,$0.00 , NONE,0,$0.00 
10:21,57.69,0,0,$0.00 ,$0.00 , NONE,0,$0.00 
10:22,57.685,0,0,$0.00 ,$0.00 , NONE,0,$0.00 
10:23,57.685,0,0,$0.00 ,$0.00 , NONE,0,$0.00 
10:24,57.67,0,0,$0.00 ,$0.00 , NONE,0,$0.00 
10:25,57.675,0,0,$0.00 ,$0.00 , NONE,0,$0.00 
10:26,57.67,0,0,$0.00 ,$0.00 , NONE,0,$0.00 
10:27,57.7136,0,0,$0.00 ,$0.00 , NONE,0,$0.00 
10:28,57.6862,0,0,$0.00 ,$0.00 , NONE,0,$0.00 
10:29,57.68,0,0,$0.00 ,$0.00 , NONE,0,$0.00 
10:30,57.695,0,0,$0.00 ,$0.00 , NONE,0,$0.00 
10:31,57.71,0,0,$0.00 ,$0.00 , NONE,0,$0.00 
10:32,57.71,0,0,$0.00 ,$0.00 , NONE,0,$0.00 
10:33,57.745,0,0,$0.00 ,$0.00 , NONE,0,$0.00 
10:34,57.76,0,0,$0.00 ,$0.00 , NONE,0,$0.00 
10:35,57.74,0,0,$0.00 ,$0.00 , NONE,0,$0.00 
10:36,57.725,0,0,$0.00 ,$0.00 , NONE,0,$0.00 
10:37,57.73,0,0,$0.00 ,$0.00 , NONE,0,$0.00 
10:38,57.7455,0,0,$0.00 ,$0.00 , NONE,0,$0.00 
10:39,57.75,0,0,$0.00 ,$0.00 , NONE,0,$0.00 
10:40,57.76,10000,0,$0.00 ,$0.00 , HOLD,57.76,"$577,600.00 "
10:41,57.785,10000,0.000432825,$250.00 ,$0.00 , HOLD,57.76,"$577,600.00 "
10:42,57.7632,10000,0.000055402,$32.00 ,$0.00 , HOLD,57.76,"$577,600.00 "
10:43,57.735,10000,-0.000432825,($250.00),$0.00 , HOLD,57.76,"$577,600.00 "
10:44,57.78,10000,0.00034626,$200.00 ,$0.00 , HOLD,57.76,"$577,600.00 "
10:45,57.805,10000,0.000779086,$450.00 ,$0.00 , HOLD,57.76,"$577,600.00 "
10:46,57.8154,10000,0.000959141,$554.00 ,$0.00 , HOLD,57.76,"$577,600.00 "
10:47,57.78,10000,0.00034626,$200.00 ,$0.00 , HOLD,57.76,"$577,600.00 "
10:48,57.78,10000,0.00034626,$200.00 ,$0.00 , HOLD,57.76,"$577,600.00 "
10:49,57.82,10000,0.001038781,$600.00 ,$0.00 , HOLD,57.76,"$577,600.00 "
10:50,57.82,10000,0.001038781,$600.00 ,$0.00 , HOLD,57.76,"$577,600.00 "
10:51,57.795,10000,0.000605956,$350.00 ,$0.00 , HOLD,57.76,"$577,600.00 "
10:52,57.795,10000,0.000605956,$350.00 ,$0.00 , HOLD,57.76,"$577,600.00 "
10:53,57.795,10000,0.000605956,$350.00 ,$0.00 , HOLD,57.76,"$577,600.00 "
10:54,57.8,10000,0.000692521,$400.00 ,$0.00 , HOLD,57.76,"$577,600.00 "
10:55,57.8,10000,0.000692521,$400.00 ,$0.00 , HOLD,57.76,"$577,600.00 "
10:56,57.79,10000,0.000519391,$300.00 ,$0.00 , HOLD,57.76,"$577,600.00 "
10:57,57.795,10000,0.000605956,$350.00 ,$0.00 , HOLD,57.76,"$577,600.00 "
10:58,57.7946,10000,0.00059903,$346.00 ,$0.00 , HOLD,57.76,"$577,600.00 "
10:59,57.775,10000,0.000259695,$150.00 ,$0.00 , HOLD,57.76,"$577,600.00 "
11:00,57.79,10000,0.000519391,$300.00 ,$0.00 , HOLD,57.76,"$577,600.00 "
11:01,57.771,10000,0.000190443,$110.00 ,$0.00 , HOLD,57.76,"$577,600.00 "
11:02,57.7601,10000,0.000001731,$1.00 ,$0.00 , HOLD,57.76,"$577,600.00 "
11:03,57.78,10000,0.00034626,$200.00 ,$0.00 , HOLD,57.76,"$577,600.00 "
11:04,57.75,10000,-0.00017313,($100.00),$0.00 , HOLD,57.76,"$577,600.00 "
11:05,57.74,10000,-0.00034626,($200.00),$0.00 , HOLD,57.76,"$577,600.00 "
11:06,57.71,10000,-0.000865651,($500.00),$0.00 , HOLD,57.76,"$577,600.00 "
11:07,57.68,0,-0.001385042,$0.00 ,($800.00), NONE,57.68,"$577,600.00 "
11:08,57.685,0,-0.001385042,$0.00 ,($800.00), NONE,57.68,"$577,600.00 "
11:09,57.66,0,-0.001385042,$0.00 ,($800.00), NONE,57.68,"$577,600.00 "
11:10,57.665,0,-0.001385042,$0.00 ,($800.00), NONE,57.68,"$577,600.00 "
11:11,57.643,0,-0.001385042,$0.00 ,($800.00), NONE,57.68,"$577,600.00 "
11:12,57.63,0,-0.001385042,$0.00 ,($800.00), NONE,57.68,"$577,600.00 "
11:13,57.65,0,-0.001385042,$0.00 ,($800.00), NONE,57.68,"$577,600.00 "
11:14,57.645,0,-0.001385042,$0.00 ,($800.00), NONE,57.68,"$577,600.00 "
11:15,57.655,0,-0.001385042,$0.00 ,($800.00), NONE,57.68,"$577,600.00 "
11:16,57.575,0,-0.001385042,$0.00 ,($800.00), NONE,57.68,"$577,600.00 "
11:17,57.58,0,-0.001385042,$0.00 ,($800.00), NONE,57.68,"$577,600.00 "
11:18,57.58,0,-0.001385042,$0.00 ,($800.00), NONE,57.68,"$577,600.00 "
11:19,57.55,0,-0.001385042,$0.00 ,($800.00), NONE,57.68,"$577,600.00 "
11:20,57.5053,0,-0.001385042,$0.00 ,($800.00), NONE,57.68,"$577,600.00 "
11:21,57.525,0,-0.001385042,$0.00 ,($800.00), NONE,57.68,"$577,600.00 "
11:22,57.51,0,-0.001385042,$0.00 ,($800.00), NONE,57.68,"$577,600.00 "
11:23,57.515,0,-0.001385042,$0.00 ,($800.00), NONE,57.68,"$577,600.00 "
11:24,57.52,0,-0.001385042,$0.00 ,($800.00), NONE,57.68,"$577,600.00 "
11:25,57.5,0,-0.001385042,$0.00 ,($800.00), NONE,57.68,"$577,600.00 "
11:26,57.515,0,-0.001385042,$0.00 ,($800.00), NONE,57.68,"$577,600.00 "
11:27,57.52,0,-0.001385042,$0.00 ,($800.00), NONE,57.68,"$577,600.00 "
11:28,57.475,0,-0.001385042,$0.00 ,($800.00), NONE,57.68,"$577,600.00 "
11:29,57.54,0,-0.001385042,$0.00 ,($800.00), NONE,57.68,"$577,600.00 "
11:30,57.54,0,-0.001385042,$0.00 ,($800.00), NONE,57.68,"$577,600.00 "
11:31,57.545,0,-0.001385042,$0.00 ,($800.00), NONE,57.68,"$577,600.00 "
11:32,57.5401,0,-0.001385042,$0.00 ,($800.00), NONE,57.68,"$577,600.00 "
11:33,57.54,0,-0.001385042,$0.00 ,($800.00), NONE,57.68,"$577,600.00 "
11:34,57.53,0,-0.001385042,$0.00 ,($800.00), NONE,57.68,"$577,600.00 "
11:35,57.545,0,-0.001385042,$0.00 ,($800.00), NONE,57.68,"$577,600.00 "
11:36,57.52,0,-0.001385042,$0.00 ,($800.00), NONE,57.68,"$577,600.00 "
11:37,57.5167,0,-0.001385042,$0.00 ,($800.00), NONE,57.68,"$577,600.00 "
11:38,57.5365,0,-0.001385042,$0.00 ,($800.00), NONE,57.68,"$577,600.00 "
11:39,57.535,0,-0.001385042,$0.00 ,($800.00), NONE,57.68,"$577,600.00 "
11:40,57.52,0,-0.001385042,$0.00 ,($800.00), NONE,57.68,"$577,600.00 "
11:41,57.515,0,-0.001385042,$0.00 ,($800.00), NONE,57.68,"$577,600.00 "
11:42,57.53,0,-0.001385042,$0.00 ,($800.00), NONE,57.68,"$577,600.00 "
11:43,57.56,0,-0.001385042,$0.00 ,($800.00), NONE,57.68,"$577,600.00 "
11:44,57.5501,0,-0.001385042,$0.00 ,($800.00), NONE,57.68,"$577,600.00 "
11:45,57.595,0,-0.001385042,$0.00 ,($800.00), NONE,57.68,"$577,600.00 "
11:46,57.575,0,-0.001385042,$0.00 ,($800.00), NONE,57.68,"$577,600.00 "
11:47,57.56,0,-0.001385042,$0.00 ,($800.00), NONE,57.68,"$577,600.00 "
11:48,57.56,0,-0.001385042,$0.00 ,($800.00), NONE,57.68,"$577,600.00 "
11:49,57.55,0,-0.001385042,$0.00 ,($800.00), NONE,57.68,"$577,600.00 "
11:50,57.555,0,-0.001385042,$0.00 ,($800.00), NONE,57.68,"$577,600.00 "
11:51,57.565,0,-0.001385042,$0.00 ,($800.00), NONE,57.68,"$577,600.00 "
11:52,57.56,0,-0.001385042,$0.00 ,($800.00), NONE,57.68,"$577,600.00 "
11:53,57.545,0,-0.001385042,$0.00 ,($800.00), NONE,57.68,"$577,600.00 "
11:54,57.53,0,-0.001385042,$0.00 ,($800.00), NONE,57.68,"$577,600.00 "
11:55,57.5472,0,-0.001385042,$0.00 ,($800.00), NONE,57.68,"$577,600.00 "
11:56,57.5359,0,-0.001385042,$0.00 ,($800.00), NONE,57.68,"$577,600.00 "
11:57,57.555,0,-0.001385042,$0.00 ,($800.00), NONE,57.68,"$577,600.00 "
11:58,57.525,0,-0.001385042,$0.00 ,($800.00), NONE,57.68,"$577,600.00 "
11:59,57.52,0,-0.001385042,$0.00 ,($800.00), NONE,57.68,"$577,600.00 "
12:00,57.515,0,-0.001385042,$0.00 ,($800.00), NONE,57.68,"$577,600.00 "
12:01,57.535,0,-0.001385042,$0.00 ,($800.00), NONE,57.68,"$577,600.00 "
12:02,57.5401,0,-0.001385042,$0.00 ,($800.00), NONE,57.68,"$577,600.00 "
12:03,57.545,0,-0.001385042,$0.00 ,($800.00), NONE,57.68,"$577,600.00 "
12:04,57.5341,0,-0.001385042,$0.00 ,($800.00), NONE,57.68,"$577,600.00 "
12:05,57.51,0,-0.001385042,$0.00 ,($800.00), NONE,57.68,"$577,600.00 "
12:06,57.505,0,-0.001385042,$0.00 ,($800.00), NONE,57.68,"$577,600.00 "
12:07,57.505,0,-0.001385042,$0.00 ,($800.00), NONE,57.68,"$577,600.00 "
12:08,57.525,0,-0.001385042,$0.00 ,($800.00), NONE,57.68,"$577,600.00 "
12:09,57.535,0,-0.001385042,$0.00 ,($800.00), NONE,57.68,"$577,600.00 "
12:10,57.558,0,-0.001385042,$0.00 ,($800.00), NONE,57.68,"$577,600.00 "
12:11,57.535,0,-0.001385042,$0.00 ,($800.00), NONE,57.68,"$577,600.00 "
12:12,57.51,0,-0.001385042,$0.00 ,($800.00), NONE,57.68,"$577,600.00 "
12:13,57.535,0,-0.001385042,$0.00 ,($800.00), NONE,57.68,"$577,600.00 "
12:14,57.545,0,-0.001385042,$0.00 ,($800.00), NONE,57.68,"$577,600.00 "
12:15,57.535,0,-0.001385042,$0.00 ,($800.00), NONE,57.68,"$577,600.00 "
12:16,57.525,0,-0.001385042,$0.00 ,($800.00), NONE,57.68,"$577,600.00 "
12:17,57.525,0,-0.001385042,$0.00 ,($800.00), NONE,57.68,"$577,600.00 "
12:18,57.52,0,-0.001385042,$0.00 ,($800.00), NONE,57.68,"$577,600.00 "
12:19,57.505,0,-0.001385042,$0.00 ,($800.00), NONE,57.68,"$577,600.00 "
12:20,57.5092,0,-0.001385042,$0.00 ,($800.00), NONE,57.68,"$577,600.00 "
12:21,57.52,0,-0.001385042,$0.00 ,($800.00), NONE,57.68,"$577,600.00 "
12:22,57.53,0,-0.001385042,$0.00 ,($800.00), NONE,57.68,"$577,600.00 "
12:23,57.54,10000,0,$0.00 ,($800.00), HOLD,57.54,"$575,400.00 "
12:24,57.55,10000,0.000173792,$100.00 ,($800.00), HOLD,57.54,"$575,400.00 "
12:25,57.535,10000,-0.000086896,($50.00),($800.00), HOLD,57.54,"$575,400.00 "
12:26,57.535,10000,-0.000086896,($50.00),($800.00), HOLD,57.54,"$575,400.00 "
12:27,57.53,10000,-0.000173792,($100.00),($800.00), HOLD,57.54,"$575,400.00 "
12:28,57.535,10000,-0.000086896,($50.00),($800.00), HOLD,57.54,"$575,400.00 "
12:29,57.525,10000,-0.000260688,($150.00),($800.00), HOLD,57.54,"$575,400.00 "
12:30,57.535,10000,-0.000086896,($50.00),($800.00), HOLD,57.54,"$575,400.00 "
12:31,57.535,10000,-0.000086896,($50.00),($800.00), HOLD,57.54,"$575,400.00 "
12:32,57.53,10000,-0.000173792,($100.00),($800.00), HOLD,57.54,"$575,400.00 "
12:33,57.535,10000,-0.000086896,($50.00),($800.00), HOLD,57.54,"$575,400.00 "
12:34,57.525,10000,-0.000260688,($150.00),($800.00), HOLD,57.54,"$575,400.00 "
12:35,57.515,10000,-0.00043448,($250.00),($800.00), HOLD,57.54,"$575,400.00 "
12:36,57.52,10000,-0.000347584,($200.00),($800.00), HOLD,57.54,"$575,400.00 "
12:37,57.53,10000,-0.000173792,($100.00),($800.00), HOLD,57.54,"$575,400.00 "
12:38,57.525,10000,-0.000260688,($150.00),($800.00), HOLD,57.54,"$575,400.00 "
12:39,57.525,10000,-0.000260688,($150.00),($800.00), HOLD,57.54,"$575,400.00 "
12:40,57.528,10000,-0.000208551,($120.00),($800.00), HOLD,57.54,"$575,400.00 "
12:41,57.525,10000,-0.000260688,($150.00),($800.00), HOLD,57.54,"$575,400.00 "
12:42,57.535,10000,-0.000086896,($50.00),($800.00), HOLD,57.54,"$575,400.00 "
12:43,57.535,10000,-0.000086896,($50.00),($800.00), HOLD,57.54,"$575,400.00 "
12:44,57.535,10000,-0.000086896,($50.00),($800.00), HOLD,57.54,"$575,400.00 "
12:45,57.555,10000,0.000260688,$150.00 ,($800.00), HOLD,57.54,"$575,400.00 "
12:46,57.55,10000,0.000173792,$100.00 ,($800.00), HOLD,57.54,"$575,400.00 "
12:47,57.555,10000,0.000260688,$150.00 ,($800.00), HOLD,57.54,"$575,400.00 "
12:48,57.565,10000,0.00043448,$250.00 ,($800.00), HOLD,57.54,"$575,400.00 "
12:49,57.55,10000,0.000173792,$100.00 ,($800.00), HOLD,57.54,"$575,400.00 "
12:50,57.57,10000,0.000521376,$300.00 ,($800.00), HOLD,57.54,"$575,400.00 "
12:51,57.58,10000,0.000695169,$400.00 ,($800.00), HOLD,57.54,"$575,400.00 "
12:52,57.565,10000,0.00043448,$250.00 ,($800.00), HOLD,57.54,"$575,400.00 "
12:53,57.56,10000,0.000347584,$200.00 ,($800.00), HOLD,57.54,"$575,400.00 "
12:54,57.555,10000,0.000260688,$150.00 ,($800.00), HOLD,57.54,"$575,400.00 "
12:55,57.56,10000,0.000347584,$200.00 ,($800.00), HOLD,57.54,"$575,400.00 "
12:56,57.55,10000,0.000173792,$100.00 ,($800.00), HOLD,57.54,"$575,400.00 "
12:57,57.55,10000,0.000173792,$100.00 ,($800.00), HOLD,57.54,"$575,400.00 "
12:58,57.555,10000,0.000260688,$150.00 ,($800.00), HOLD,57.54,"$575,400.00 "
12:59,57.5533,10000,0.000231144,$133.00 ,($800.00), HOLD,57.54,"$575,400.00 "
13:00,57.58,10000,0.000695169,$400.00 ,($800.00), HOLD,57.54,"$575,400.00 "
13:01,57.57,10000,0.000521376,$300.00 ,($800.00), HOLD,57.54,"$575,400.00 "
13:02,57.57,10000,0.000521376,$300.00 ,($800.00), HOLD,57.54,"$575,400.00 "
13:03,57.5527,10000,0.000220716,$127.00 ,($800.00), HOLD,57.54,"$575,400.00 "
13:04,57.55,10000,0.000173792,$100.00 ,($800.00), HOLD,57.54,"$575,400.00 "
13:05,57.57,10000,0.000521376,$300.00 ,($800.00), HOLD,57.54,"$575,400.00 "
13:06,57.545,10000,0.000086896,$50.00 ,($800.00), HOLD,57.54,"$575,400.00 "
13:07,57.55,10000,0.000173792,$100.00 ,($800.00), HOLD,57.54,"$575,400.00 "
13:08,57.535,10000,-0.000086896,($50.00),($800.00), HOLD,57.54,"$575,400.00 "
13:09,57.545,10000,0.000086896,$50.00 ,($800.00), HOLD,57.54,"$575,400.00 "
13:10,57.55,10000,0.000173792,$100.00 ,($800.00), HOLD,57.54,"$575,400.00 "
13:11,57.55,10000,0.000173792,$100.00 ,($800.00), HOLD,57.54,"$575,400.00 "
13:12,57.555,10000,0.000260688,$150.00 ,($800.00), HOLD,57.54,"$575,400.00 "
13:13,57.555,10000,0.000260688,$150.00 ,($800.00), HOLD,57.54,"$575,400.00 "
13:14,57.555,10000,0.000260688,$150.00 ,($800.00), HOLD,57.54,"$575,400.00 "
13:15,57.59,10000,0.000868961,$500.00 ,($800.00), HOLD,57.54,"$575,400.00 "
13:16,57.58,10000,0.000695169,$400.00 ,($800.00), HOLD,57.54,"$575,400.00 "
13:17,57.6,10000,0.001042753,$600.00 ,($800.00), HOLD,57.54,"$575,400.00 "
13:18,57.595,10000,0.000955857,$550.00 ,($800.00), HOLD,57.54,"$575,400.00 "
13:19,57.595,10000,0.000955857,$550.00 ,($800.00), HOLD,57.54,"$575,400.00 "
13:20,57.59,10000,0.000868961,$500.00 ,($800.00), HOLD,57.54,"$575,400.00 "
13:21,57.59,10000,0.000868961,$500.00 ,($800.00), HOLD,57.54,"$575,400.00 "
13:22,57.615,0,0.001303441,$0.00 ,($50.00), NONE,57.615,"$575,400.00 "
13:23,57.615,0,0.001303441,$0.00 ,($50.00), NONE,57.615,"$575,400.00 "
13:24,57.62,0,0.001303441,$0.00 ,($50.00), NONE,57.615,"$575,400.00 "
13:25,57.615,0,0.001303441,$0.00 ,($50.00), NONE,57.615,"$575,400.00 "
13:26,57.6269,0,0.001303441,$0.00 ,($50.00), NONE,57.615,"$575,400.00 "
13:27,57.615,0,0.001303441,$0.00 ,($50.00), NONE,57.615,"$575,400.00 "
13:28,57.615,0,0.001303441,$0.00 ,($50.00), NONE,57.615,"$575,400.00 "
13:29,57.62,0,0.001303441,$0.00 ,($50.00), NONE,57.615,"$575,400.00 "
13:30,57.61,0,0.001303441,$0.00 ,($50.00), NONE,57.615,"$575,400.00 "
13:31,57.64,0,0.001303441,$0.00 ,($50.00), NONE,57.615,"$575,400.00 "
13:32,57.64,0,0.001303441,$0.00 ,($50.00), NONE,57.615,"$575,400.00 "
13:33,57.64,0,0.001303441,$0.00 ,($50.00), NONE,57.615,"$575,400.00 "
13:34,57.621,0,0.001303441,$0.00 ,($50.00), NONE,57.615,"$575,400.00 "
13:35,57.62,0,0.001303441,$0.00 ,($50.00), NONE,57.615,"$575,400.00 "
13:36,57.64,0,0.001303441,$0.00 ,($50.00), NONE,57.615,"$575,400.00 "
13:37,57.65,0,0.001303441,$0.00 ,($50.00), NONE,57.615,"$575,400.00 "
13:38,57.62,0,0.001303441,$0.00 ,($50.00), NONE,57.615,"$575,400.00 "
13:39,57.64,0,0.001303441,$0.00 ,($50.00), NONE,57.615,"$575,400.00 "
13:40,57.64,0,0.001303441,$0.00 ,($50.00), NONE,57.615,"$575,400.00 "
13:41,57.635,0,0.001303441,$0.00 ,($50.00), NONE,57.615,"$575,400.00 "
13:42,57.64,0,0.001303441,$0.00 ,($50.00), NONE,57.615,"$575,400.00 "
13:43,57.65,0,0.001303441,$0.00 ,($50.00), NONE,57.615,"$575,400.00 "
13:44,57.6364,0,0.001303441,$0.00 ,($50.00), NONE,57.615,"$575,400.00 "
13:45,57.635,0,0.001303441,$0.00 ,($50.00), NONE,57.615,"$575,400.00 "
13:46,57.625,0,0.001303441,$0.00 ,($50.00), NONE,57.615,"$575,400.00 "
13:47,57.62,0,0.001303441,$0.00 ,($50.00), NONE,57.615,"$575,400.00 "
13:48,57.62,0,0.001303441,$0.00 ,($50.00), NONE,57.615,"$575,400.00 "
13:49,57.6165,0,0.001303441,$0.00 ,($50.00), NONE,57.615,"$575,400.00 "
13:50,57.6,0,0.001303441,$0.00 ,($50.00), NONE,57.615,"$575,400.00 "
13:51,57.595,0,0.001303441,$0.00 ,($50.00), NONE,57.615,"$575,400.00 "
13:52,57.58,0,0.001303441,$0.00 ,($50.00), NONE,57.615,"$575,400.00 "
13:53,57.585,0,0.001303441,$0.00 ,($50.00), NONE,57.615,"$575,400.00 "
13:54,57.571,0,0.001303441,$0.00 ,($50.00), NONE,57.615,"$575,400.00 "
13:55,57.58,0,0.001303441,$0.00 ,($50.00), NONE,57.615,"$575,400.00 "
13:56,57.59,0,0.001303441,$0.00 ,($50.00), NONE,57.615,"$575,400.00 "
13:57,57.58,0,0.001303441,$0.00 ,($50.00), NONE,57.615,"$575,400.00 "
13:58,57.5625,0,0.001303441,$0.00 ,($50.00), NONE,57.615,"$575,400.00 "
13:59,57.57,0,0.001303441,$0.00 ,($50.00), NONE,57.615,"$575,400.00 "
14:00,57.575,0,0.001303441,$0.00 ,($50.00), NONE,57.615,"$575,400.00 "
14:01,57.586,0,0.001303441,$0.00 ,($50.00), NONE,57.615,"$575,400.00 "
14:02,57.61,10000,0,$0.00 ,($50.00), HOLD,57.61,"$576,100.00 "
14:03,57.6,10000,-0.000173581,($100.00),($50.00), HOLD,57.61,"$576,100.00 "
14:04,57.605,10000,-0.00008679,($50.00),($50.00), HOLD,57.61,"$576,100.00 "
14:05,57.6041,10000,-0.000102413,($59.00),($50.00), HOLD,57.61,"$576,100.00 "
14:06,57.6066,10000,-0.000059018,($34.00),($50.00), HOLD,57.61,"$576,100.00 "
14:07,57.61,10000,0,$0.00 ,($50.00), HOLD,57.61,"$576,100.00 "
14:08,57.58,10000,-0.000520743,($300.00),($50.00), HOLD,57.61,"$576,100.00 "
14:09,57.585,10000,-0.000433952,($250.00),($50.00), HOLD,57.61,"$576,100.00 "
14:10,57.56,10000,-0.000867905,($500.00),($50.00), HOLD,57.61,"$576,100.00 "
14:11,57.55,10000,-0.001041486,($600.00),($50.00), HOLD,57.61,"$576,100.00 "
14:12,57.5653,10000,-0.000775907,($447.00),($50.00), HOLD,57.61,"$576,100.00 "
14:13,57.555,10000,-0.000954695,($550.00),($50.00), HOLD,57.61,"$576,100.00 "
14:14,57.55,10000,-0.001041486,($600.00),($50.00), HOLD,57.61,"$576,100.00 "
14:15,57.56,10000,-0.000867905,($500.00),($50.00), HOLD,57.61,"$576,100.00 "
14:16,57.565,10000,-0.000781114,($450.00),($50.00), HOLD,57.61,"$576,100.00 "
14:17,57.585,10000,-0.000433952,($250.00),($50.00), HOLD,57.61,"$576,100.00 "
14:18,57.565,10000,-0.000781114,($450.00),($50.00), HOLD,57.61,"$576,100.00 "
14:19,57.57,10000,-0.000694324,($400.00),($50.00), HOLD,57.61,"$576,100.00 "
14:20,57.595,10000,-0.000260371,($150.00),($50.00), HOLD,57.61,"$576,100.00 "
14:21,57.585,10000,-0.000433952,($250.00),($50.00), HOLD,57.61,"$576,100.00 "
14:22,57.6,10000,-0.000173581,($100.00),($50.00), HOLD,57.61,"$576,100.00 "
14:23,57.58,10000,-0.000520743,($300.00),($50.00), HOLD,57.61,"$576,100.00 "
14:24,57.56,10000,-0.000867905,($500.00),($50.00), HOLD,57.61,"$576,100.00 "
14:25,57.585,10000,-0.000433952,($250.00),($50.00), HOLD,57.61,"$576,100.00 "
14:26,57.59,10000,-0.000347162,($200.00),($50.00), HOLD,57.61,"$576,100.00 "
14:27,57.585,10000,-0.000433952,($250.00),($50.00), HOLD,57.61,"$576,100.00 "
14:28,57.575,10000,-0.000607533,($350.00),($50.00), HOLD,57.61,"$576,100.00 "
14:29,57.58,10000,-0.000520743,($300.00),($50.00), HOLD,57.61,"$576,100.00 "
14:30,57.575,10000,-0.000607533,($350.00),($50.00), HOLD,57.61,"$576,100.00 "
14:31,57.577,10000,-0.000572817,($330.00),($50.00), HOLD,57.61,"$576,100.00 "
14:32,57.575,10000,-0.000607533,($350.00),($50.00), HOLD,57.61,"$576,100.00 "
14:33,57.575,10000,-0.000607533,($350.00),($50.00), HOLD,57.61,"$576,100.00 "
14:34,57.575,10000,-0.000607533,($350.00),($50.00), HOLD,57.61,"$576,100.00 "
14:35,57.575,10000,-0.000607533,($350.00),($50.00), HOLD,57.61,"$576,100.00 "
14:36,57.58,10000,-0.000520743,($300.00),($50.00), HOLD,57.61,"$576,100.00 "
14:37,57.55,10000,-0.001041486,($600.00),($50.00), HOLD,57.61,"$576,100.00 "
14:38,57.59,10000,-0.000347162,($200.00),($50.00), HOLD,57.61,"$576,100.00 "
14:39,57.575,10000,-0.000607533,($350.00),($50.00), HOLD,57.61,"$576,100.00 "
14:40,57.57,10000,-0.000694324,($400.00),($50.00), HOLD,57.61,"$576,100.00 "
14:41,57.575,10000,-0.000607533,($350.00),($50.00), HOLD,57.61,"$576,100.00 "
14:42,57.55,10000,-0.001041486,($600.00),($50.00), HOLD,57.61,"$576,100.00 "
14:43,57.555,10000,-0.000954695,($550.00),($50.00), HOLD,57.61,"$576,100.00 "
14:44,57.58,10000,-0.000520743,($300.00),($50.00), HOLD,57.61,"$576,100.00 "
14:45,57.57,10000,-0.000694324,($400.00),($50.00), HOLD,57.61,"$576,100.00 "
14:46,57.5799,10000,-0.000522479,($301.00),($50.00), HOLD,57.61,"$576,100.00 "
14:47,57.575,10000,-0.000607533,($350.00),($50.00), HOLD,57.61,"$576,100.00 "
14:48,57.575,10000,-0.000607533,($350.00),($50.00), HOLD,57.61,"$576,100.00 "
14:49,57.565,10000,-0.000781114,($450.00),($50.00), HOLD,57.61,"$576,100.00 "
14:50,57.5779,10000,-0.000557195,($321.00),($50.00), HOLD,57.61,"$576,100.00 "
14:51,57.595,10000,-0.000260371,($150.00),($50.00), HOLD,57.61,"$576,100.00 "
14:52,57.595,10000,-0.000260371,($150.00),($50.00), HOLD,57.61,"$576,100.00 "
14:53,57.575,10000,-0.000607533,($350.00),($50.00), HOLD,57.61,"$576,100.00 "
14:54,57.59,10000,-0.000347162,($200.00),($50.00), HOLD,57.61,"$576,100.00 "
14:55,57.6,10000,-0.000173581,($100.00),($50.00), HOLD,57.61,"$576,100.00 "
14:56,57.605,10000,-0.00008679,($50.00),($50.00), HOLD,57.61,"$576,100.00 "
14:57,57.63,10000,0.000347162,$200.00 ,($50.00), HOLD,57.61,"$576,100.00 "
14:58,57.64,10000,0.000520743,$300.00 ,($50.00), HOLD,57.61,"$576,100.00 "
14:59,57.6247,10000,0.000255164,$147.00 ,($50.00), HOLD,57.61,"$576,100.00 "
15:00,57.64,10000,0.000520743,$300.00 ,($50.00), HOLD,57.61,"$576,100.00 "
15:01,57.625,10000,0.000260371,$150.00 ,($50.00), HOLD,57.61,"$576,100.00 "
15:02,57.63,10000,0.000347162,$200.00 ,($50.00), HOLD,57.61,"$576,100.00 "
15:03,57.62,10000,0.000173581,$100.00 ,($50.00), HOLD,57.61,"$576,100.00 "
15:04,57.625,10000,0.000260371,$150.00 ,($50.00), HOLD,57.61,"$576,100.00 "
15:05,57.63,10000,0.000347162,$200.00 ,($50.00), HOLD,57.61,"$576,100.00 "
15:06,57.63,10000,0.000347162,$200.00 ,($50.00), HOLD,57.61,"$576,100.00 "
15:07,57.63,10000,0.000347162,$200.00 ,($50.00), HOLD,57.61,"$576,100.00 "
15:08,57.635,10000,0.000433952,$250.00 ,($50.00), HOLD,57.61,"$576,100.00 "
15:09,57.62,10000,0.000173581,$100.00 ,($50.00), HOLD,57.61,"$576,100.00 "
15:10,57.62,10000,0.000173581,$100.00 ,($50.00), HOLD,57.61,"$576,100.00 "
15:11,57.62,10000,0.000173581,$100.00 ,($50.00), HOLD,57.61,"$576,100.00 "
15:12,57.625,10000,0.000260371,$150.00 ,($50.00), HOLD,57.61,"$576,100.00 "
15:13,57.625,10000,0.000260371,$150.00 ,($50.00), HOLD,57.61,"$576,100.00 "
15:14,57.615,10000,0.00008679,$50.00 ,($50.00), HOLD,57.61,"$576,100.00 "
15:15,57.627,10000,0.000295088,$170.00 ,($50.00), HOLD,57.61,"$576,100.00 "
15:16,57.62,10000,0.000173581,$100.00 ,($50.00), HOLD,57.61,"$576,100.00 "
15:17,57.62,10000,0.000173581,$100.00 ,($50.00), HOLD,57.61,"$576,100.00 "
15:18,57.625,10000,0.000260371,$150.00 ,($50.00), HOLD,57.61,"$576,100.00 "
15:19,57.64,10000,0.000520743,$300.00 ,($50.00), HOLD,57.61,"$576,100.00 "
15:20,57.67,10000,0.001041486,$600.00 ,($50.00), HOLD,57.61,"$576,100.00 "
15:21,57.64,10000,0.000520743,$300.00 ,($50.00), HOLD,57.61,"$576,100.00 "
15:22,57.649,10000,0.000676966,$390.00 ,($50.00), HOLD,57.61,"$576,100.00 "
15:23,57.649,10000,0.000676966,$390.00 ,($50.00), HOLD,57.61,"$576,100.00 "
15:24,57.625,10000,0.000260371,$150.00 ,($50.00), HOLD,57.61,"$576,100.00 "
15:25,57.635,10000,0.000433952,$250.00 ,($50.00), HOLD,57.61,"$576,100.00 "
15:26,57.625,10000,0.000260371,$150.00 ,($50.00), HOLD,57.61,"$576,100.00 "
15:27,57.635,10000,0.000433952,$250.00 ,($50.00), HOLD,57.61,"$576,100.00 "
15:28,57.625,10000,0.000260371,$150.00 ,($50.00), HOLD,57.61,"$576,100.00 "
15:29,57.63,10000,0.000347162,$200.00 ,($50.00), HOLD,57.61,"$576,100.00 "
15:30,57.64,10000,0.000520743,$300.00 ,($50.00), HOLD,57.61,"$576,100.00 "
15:31,57.63,10000,0.000347162,$200.00 ,($50.00), HOLD,57.61,"$576,100.00 "
15:32,57.63,10000,0.000347162,$200.00 ,($50.00), HOLD,57.61,"$576,100.00 "
15:33,57.635,10000,0.000433952,$250.00 ,($50.00), HOLD,57.61,"$576,100.00 "
15:34,57.625,10000,0.000260371,$150.00 ,($50.00), HOLD,57.61,"$576,100.00 "
15:35,57.6427,10000,0.00056761,$327.00 ,($50.00), HOLD,57.61,"$576,100.00 "
15:36,57.68,0,0.001215067,$0.00 ,$650.00 , NONE,57.68,"$576,100.00 "
15:37,57.675,0,0.001215067,$0.00 ,$650.00 , NONE,57.68,"$576,100.00 "
15:38,57.645,0,0.001215067,$0.00 ,$650.00 , NONE,57.68,"$576,100.00 "
15:39,57.63,0,0.001215067,$0.00 ,$650.00 , NONE,57.68,"$576,100.00 "
15:40,57.65,0,0.001215067,$0.00 ,$650.00 , NONE,57.68,"$576,100.00 "
15:41,57.65,0,0.001215067,$0.00 ,$650.00 , NONE,57.68,"$576,100.00 "
15:42,57.665,0,0.001215067,$0.00 ,$650.00 , NONE,57.68,"$576,100.00 "
15:43,57.665,0,0.001215067,$0.00 ,$650.00 , NONE,57.68,"$576,100.00 "
15:44,57.67,0,0.001215067,$0.00 ,$650.00 , NONE,57.68,"$576,100.00 "
15:45,57.675,0,0.001215067,$0.00 ,$650.00 , NONE,57.68,"$576,100.00 "
15:46,57.68,0,0.001215067,$0.00 ,$650.00 , NONE,57.68,"$576,100.00 "
15:47,57.675,0,0.001215067,$0.00 ,$650.00 , NONE,57.68,"$576,100.00 "
15:48,57.675,0,0.001215067,$0.00 ,$650.00 , NONE,57.68,"$576,100.00 "
15:49,57.64,0,0.001215067,$0.00 ,$650.00 , NONE,57.68,"$576,100.00 "
15:50,57.6,0,0.001215067,$0.00 ,$650.00 , NONE,57.68,"$576,100.00 "
15:51,57.57,0,0.001215067,$0.00 ,$650.00 , NONE,57.68,"$576,100.00 "
15:52,57.555,0,0.001215067,$0.00 ,$650.00 , NONE,57.68,"$576,100.00 "
15:53,57.565,0,0.001215067,$0.00 ,$650.00 , NONE,57.68,"$576,100.00 "
15:54,57.565,0,0.001215067,$0.00 ,$650.00 , NONE,57.68,"$576,100.00 "
15:55,57.565,0,0.001215067,$0.00 ,$650.00 , NONE,57.68,"$576,100.00 "
15:56,57.56,0,0.001215067,$0.00 ,$650.00 , NONE,57.68,"$576,100.00 "
15:57,57.57,0,0.001215067,$0.00 ,$650.00 , NONE,57.68,"$576,100.00 "
15:58,57.56,0,0.001215067,$0.00 ,$650.00 , NONE,57.68,"$576,100.00 "
15:59,57.56,0,0.001215067,$0.00 ,$650.00 , NONE,57.68,"$576,100.00 "
16:00,57.53,0,0.001215067,$0.00 ,$650.00 , NONE,57.68,"$576,100.00 "
